{"cameraMode":{"drawMode":0,"name":"Shaded","section":"Shading Mode"},"sceneLighting":true,"audioPlay":false,"sceneViewState":{"showFog":true,"showMaterialUpdate":false,"showSkybox":true,"showFlares":true,"showImageEffects":true,"showParticleSystems":true},"in2DMode":false,"pivot":{"x":14.420513153076172,"y":9.044305801391602,"z":-4.7504754066467289},"rotation":{"x":-0.11701112985610962,"y":0.6262434124946594,"z":-0.0958050861954689,"w":-0.7648345828056336},"size":16.958812713623048,"orthographic":false}