{"cameraMode":{"drawMode":0,"name":"Shaded","section":"Shading Mode"},"sceneLighting":true,"audioPlay":false,"sceneViewState":{"showFog":true,"showMaterialUpdate":false,"showSkybox":true,"showFlares":true,"showImageEffects":true,"showParticleSystems":true},"in2DMode":false,"pivot":{"x":1.5822858810424805,"y":1.696054458618164,"z":14.434928894042969},"rotation":{"x":-0.2816961407661438,"y":0.0882105603814125,"z":-0.026017718017101289,"w":-0.9550924301147461},"size":18.686357498168947,"orthographic":false}